gen,nevals,avg,std,min,max,bestFit
0,500,19861782.0,13039921.428999333,640000.0,75425000.0,640000.0
1,450,26420166.0,16338751.973098924,1083000.0,114660000.0,640000.0
2,458,35232238.0,19255966.990139864,1716000.0,114660000.0,640000.0
3,453,42241404.0,20793040.73955476,3444000.0,118356000.0,640000.0
4,465,50923902.0,23297278.207558837,2822000.0,125391000.0,640000.0
5,426,57397930.0,25570149.293758534,1815000.0,137200000.0,640000.0
6,452,64434324.0,24196763.141606852,5880000.0,137200000.0,640000.0
7,458,69766432.0,26189371.63303801,4875000.0,139356000.0,640000.0
8,448,76626772.0,27308019.070375938,4520000.0,157976000.0,640000.0
9,448,81651412.0,28445813.804604992,2492000.0,157976000.0,640000.0
10,448,86943808.0,27598742.695476837,7222000.0,157976000.0,640000.0
11,456,93175094.0,26461976.556583297,5366000.0,156464000.0,640000.0
12,451,98557772.0,26540409.842276663,8841000.0,140910000.0,640000.0
13,463,101220046.0,26111404.120649736,5706000.0,140910000.0,640000.0
14,457,103414914.0,24310223.79861206,10425000.0,156296000.0,640000.0
15,441,108973568.0,21799683.70241587,12008000.0,157080000.0,640000.0
16,463,109355420.0,23259448.60196819,9981000.0,158984000.0,640000.0
17,449,111344992.0,22792979.317937706,5394000.0,140784000.0,640000.0
18,437,113475700.0,22698799.033296894,9213000.0,140784000.0,640000.0
19,461,114174260.0,20998531.2139778,2436000.0,156800000.0,640000.0
20,445,116120898.0,18483557.601706337,9981000.0,140784000.0,640000.0
21,448,116607110.0,19366490.236227628,14492000.0,140784000.0,640000.0
22,449,116948488.0,20449886.440219074,15464000.0,140784000.0,640000.0
23,465,118228266.0,19708871.55063029,3882000.0,140784000.0,640000.0
24,452,117990320.0,20301471.71624757,11252000.0,157080000.0,640000.0
25,432,118225326.0,20403019.70924216,10017000.0,140910000.0,640000.0
26,462,116003292.0,22506000.95669455,6178000.0,140910000.0,640000.0
27,471,118214136.0,20341158.465866785,9261000.0,157976000.0,640000.0
28,452,118648984.0,20302173.835127704,13252000.0,157976000.0,640000.0
29,446,119918270.0,17330636.00151766,41925000.0,158984000.0,640000.0
30,450,120542598.0,20067654.76841766,6654000.0,140784000.0,640000.0
31,456,122447052.0,16254523.809367532,7722000.0,140784000.0,640000.0
32,460,121870622.0,18803903.53727428,9948000.0,140910000.0,640000.0
33,459,122333152.0,19082155.616515025,10017000.0,140910000.0,640000.0
34,464,123467698.0,17866661.648858637,15464000.0,140910000.0,640000.0
35,457,123648736.0,17304476.206181567,15464000.0,140910000.0,640000.0
36,447,124928594.0,15270599.082064986,39592000.0,140910000.0,640000.0
37,465,124189228.0,17070709.32668048,9948000.0,140910000.0,640000.0
38,448,124919326.0,16946904.5458964,13252000.0,140910000.0,640000.0
39,462,124745636.0,16687751.0730327,13252000.0,140910000.0,640000.0
40,441,124712698.0,17596144.03381593,9963000.0,140910000.0,640000.0
41,448,124197086.0,19651084.559652276,11288000.0,140910000.0,640000.0
42,441,124908924.0,17091769.964466054,13272000.0,140910000.0,640000.0
43,452,124398850.0,18629509.52342815,13308000.0,140910000.0,640000.0
44,453,124861910.0,17569580.281779643,6626000.0,156632000.0,640000.0
45,461,125727018.0,15646268.907879476,55820000.0,156632000.0,640000.0
46,458,126214558.0,16604462.32512923,16535000.0,157080000.0,640000.0
47,441,125915390.0,15979808.156980483,7716000.0,157080000.0,640000.0
48,454,125581330.0,17535722.037176,9954000.0,140910000.0,640000.0
49,436,126401210.0,16305942.220488211,9954000.0,140910000.0,640000.0
50,456,127020298.0,15611048.523824273,11574000.0,140910000.0,640000.0
51,452,127169622.0,16536421.369060356,6626000.0,140910000.0,640000.0
52,438,127763612.0,17230120.763635293,9963000.0,140910000.0,640000.0
53,430,126794686.0,17869915.707339082,9939000.0,140910000.0,640000.0
54,459,125449644.0,19808784.982862122,6654000.0,140910000.0,640000.0
55,448,125315648.0,20656261.259678528,9948000.0,140910000.0,640000.0
56,474,126094168.0,18948721.302287813,9966000.0,140910000.0,640000.0
57,458,128616248.0,15998661.584598131,15528000.0,140910000.0,640000.0
58,454,127484466.0,18773782.34786065,7716000.0,140910000.0,640000.0
59,450,129798644.0,14342324.127604423,13252000.0,140910000.0,640000.0
60,459,128392668.0,18490546.68899154,3866000.0,140910000.0,640000.0
61,444,128541762.0,17557125.423296265,7722000.0,140910000.0,640000.0
62,449,127243176.0,21525584.219644863,3866000.0,140910000.0,640000.0
63,450,129239866.0,15735210.589758372,3337000.0,140910000.0,640000.0
64,462,128742668.0,16965619.957719672,9963000.0,140910000.0,640000.0
65,453,129366416.0,16697328.389624013,6664000.0,140910000.0,640000.0
66,447,129875880.0,18964299.31290898,10029000.0,140910000.0,640000.0
67,453,130628124.0,16324771.47211023,6638000.0,140910000.0,640000.0
68,451,130009302.0,17403013.36891965,6710000.0,140910000.0,640000.0
69,454,128915428.0,20906299.036817014,6678000.0,140910000.0,640000.0
70,441,130131102.0,19783278.409495123,9954000.0,156856000.0,640000.0
71,453,131289268.0,17221546.484569147,7716000.0,140910000.0,640000.0
72,450,131921914.0,16691556.028920852,9954000.0,140910000.0,640000.0
73,443,131628220.0,17500673.83318711,13240000.0,140910000.0,640000.0
74,459,132659356.0,15185952.200019069,3882000.0,140910000.0,640000.0
75,429,131691708.0,19556103.361936294,6626000.0,140910000.0,640000.0
76,473,132677740.0,16612175.594918326,15444000.0,140910000.0,640000.0
77,446,133823772.0,14114048.19716923,15528000.0,140910000.0,640000.0
78,437,133896508.0,14691536.73602377,16565000.0,140910000.0,640000.0
79,461,134267998.0,15209888.400445152,6654000.0,140910000.0,640000.0
80,461,134608770.0,16063772.807441594,6668000.0,140910000.0,640000.0
81,453,134923434.0,15112132.491797576,7722000.0,140910000.0,640000.0
82,464,133144616.0,19242166.56513876,9963000.0,140910000.0,640000.0
83,463,134537048.0,16175741.986496199,13348000.0,140910000.0,640000.0
84,457,135903022.0,10713743.777107796,15464000.0,140910000.0,640000.0
85,446,135346692.0,14345413.132048028,9963000.0,140910000.0,640000.0
86,453,134810210.0,17201533.8232932,9963000.0,140910000.0,640000.0
87,455,136061494.0,13275690.604935173,6668000.0,140910000.0,640000.0
88,448,136713062.0,10407351.752590857,15528000.0,140910000.0,640000.0
89,459,134723782.0,17366520.346300695,6642000.0,140910000.0,640000.0
90,456,135159360.0,15300573.798338413,9963000.0,140910000.0,640000.0
91,454,134492982.0,17025058.892164692,6626000.0,140910000.0,640000.0
92,455,134804362.0,16775768.536283398,9948000.0,140910000.0,640000.0
93,458,136402214.0,12617084.072169922,6668000.0,140910000.0,640000.0
94,450,136100770.0,12990195.513582543,13348000.0,140910000.0,640000.0
95,466,135872592.0,14000228.879898215,3882000.0,140910000.0,640000.0
96,453,136019740.0,13134522.77992619,9921000.0,140910000.0,640000.0
97,467,137204310.0,8649164.24829012,16590000.0,140910000.0,640000.0
98,451,135356988.0,15397510.139495151,6626000.0,140910000.0,640000.0
99,448,135813776.0,15267142.894393306,6626000.0,140910000.0,640000.0
100,442,135626646.0,15478306.402855707,6626000.0,140910000.0,640000.0
0,500,20116234.0,13279810.485366272,806000.0,84574000.0,640000.0
1,464,26850212.0,15823282.389032181,1060000.0,86877000.0,640000.0
2,454,32282644.0,16362414.501816778,2235000.0,84966000.0,640000.0
3,456,38443836.0,17717901.744199395,2154000.0,101430000.0,640000.0
4,471,44350344.0,19063441.533093233,2367000.0,120162000.0,640000.0
5,450,48839904.0,19357600.25919494,4174000.0,118692000.0,640000.0
6,462,54388962.0,20484624.74736982,4484000.0,125608000.0,640000.0
7,449,58012672.0,22143441.32108684,3308000.0,127792000.0,640000.0
8,449,62763270.0,22817649.912843786,4956000.0,135555000.0,640000.0
9,466,68789970.0,23814300.37202647,3105000.0,140028000.0,640000.0
10,455,75444152.0,23005476.85428181,4078000.0,136073000.0,640000.0
11,457,77307822.0,24402791.703703,8559000.0,144984000.0,640000.0
12,431,83326278.0,24663209.439744778,7434000.0,139552000.0,640000.0
13,462,88089492.0,25599105.84207847,8060000.0,158984000.0,640000.0
14,473,91764128.0,27304737.171700004,8670000.0,158984000.0,640000.0
15,451,98897306.0,25489930.242673557,7233000.0,158984000.0,640000.0
16,459,100252714.0,27150454.620948873,6632000.0,158984000.0,640000.0
17,468,105167976.0,25381074.012015805,14408000.0,158984000.0,640000.0
18,441,106321934.0,26171284.75664968,5668000.0,156800000.0,640000.0
19,463,110324666.0,24066326.976222277,9252000.0,158984000.0,640000.0
20,445,115231340.0,20647330.023138586,47096000.0,158984000.0,640000.0
21,438,116893990.0,20917573.663451027,16644000.0,158984000.0,640000.0
22,438,118737326.0,22232508.618321143,5654000.0,158984000.0,640000.0
23,466,119721364.0,22719313.823606204,9930000.0,158984000.0,640000.0
24,460,120888462.0,21967233.81112324,12924000.0,158984000.0,640000.0
25,457,122642350.0,21643686.270677187,5590000.0,158984000.0,640000.0
26,454,124799944.0,20768186.621774755,10011000.0,157976000.0,640000.0
27,463,126491396.0,18405495.478448387,40860000.0,157976000.0,640000.0
28,452,127192482.0,18367786.048124474,10044000.0,158984000.0,640000.0
29,454,127137844.0,20014623.22392465,10065000.0,158984000.0,640000.0
30,445,127480926.0,19777337.565823264,2797000.0,158984000.0,640000.0
31,461,128941026.0,18302279.155048534,2797000.0,158984000.0,640000.0
32,462,129700716.0,15847317.563024476,17600000.0,158984000.0,640000.0
33,459,130370314.0,16879982.73243797,6126000.0,158984000.0,640000.0
34,460,131277444.0,16869240.803511698,9189000.0,158984000.0,640000.0
35,461,131549042.0,16012003.871728111,15464000.0,158984000.0,640000.0
36,443,132718094.0,15119108.428249465,25317000.0,158984000.0,640000.0
37,457,131049924.0,19430311.55710644,6710000.0,158984000.0,640000.0
38,477,131781998.0,17591469.897140376,6632000.0,158984000.0,640000.0
39,467,132612466.0,16940074.12052391,10056000.0,158984000.0,640000.0
40,457,132141292.0,18204754.077183686,9963000.0,158984000.0,640000.0
41,459,132647512.0,17546001.311006904,8481000.0,158984000.0,640000.0
42,449,130452946.0,21183821.20626692,3866000.0,158984000.0,640000.0
43,447,132467210.0,17259003.856709115,8622000.0,158984000.0,640000.0
44,446,133392584.0,15329617.776544333,58296000.0,158984000.0,640000.0
45,454,133136036.0,17530363.13002968,5606000.0,158984000.0,640000.0
46,468,133305764.0,18093174.039739516,13432000.0,158984000.0,640000.0
47,454,135577718.0,14072153.064491447,59136000.0,158984000.0,640000.0
48,461,135147034.0,15848651.779783793,9984000.0,158984000.0,640000.0
49,451,136585046.0,12673671.245692149,78680000.0,158984000.0,640000.0
50,463,136745670.0,14863510.375180556,9939000.0,158984000.0,640000.0
51,445,138106740.0,13126734.396353116,16605000.0,158984000.0,640000.0
52,452,137777676.0,15106678.413172897,5662000.0,158984000.0,640000.0
53,457,137843912.0,14583663.066467766,19275000.0,158984000.0,640000.0
54,451,137000648.0,16168046.934620643,17600000.0,158984000.0,640000.0
55,469,137083260.0,16276305.411130624,58548000.0,158984000.0,640000.0
56,455,137295736.0,16845797.682220455,15464000.0,158984000.0,640000.0
57,455,138931176.0,14352334.020396264,70225000.0,158984000.0,640000.0
58,453,137442372.0,17741560.916154362,11464000.0,158984000.0,640000.0
59,445,136934658.0,17938149.242467463,2816000.0,158984000.0,640000.0
60,459,136891494.0,18742447.225428276,2321000.0,158984000.0,640000.0
61,458,138560696.0,14877709.366955116,50472000.0,158984000.0,640000.0
62,464,138877368.0,17048598.852239326,58695000.0,158984000.0,640000.0
63,459,139111864.0,17626716.988296602,6644000.0,158984000.0,640000.0
64,471,140315048.0,16440478.079839893,48174000.0,158984000.0,640000.0
65,463,141934694.0,14756380.244638724,58254000.0,158984000.0,640000.0
66,461,140843026.0,17109897.6523334,8379000.0,158984000.0,640000.0
67,472,140586344.0,17280584.720710814,58422000.0,158984000.0,640000.0
68,442,141380104.0,17670428.024164665,58254000.0,158984000.0,640000.0
69,458,142346378.0,17252510.053876683,9981000.0,158984000.0,640000.0
70,458,141374530.0,17469271.064160064,59199000.0,158984000.0,640000.0
71,446,141294194.0,18307285.990347233,58758000.0,158984000.0,640000.0
72,452,141252016.0,17990138.94842794,59073000.0,158984000.0,640000.0
73,450,143328360.0,17114118.88197578,16806000.0,158984000.0,640000.0
74,442,143661292.0,18532022.195830006,8493000.0,158984000.0,640000.0
75,454,144637688.0,16526216.493034817,59199000.0,158984000.0,640000.0
76,445,144492662.0,16950844.614701536,58632000.0,158984000.0,640000.0
77,460,145744438.0,15823483.160105933,58548000.0,158984000.0,640000.0
78,460,145298988.0,17293135.95077122,5560000.0,158984000.0,640000.0
79,445,145615530.0,16833521.340382114,58380000.0,158984000.0,640000.0
80,461,145463364.0,17794164.64033937,58821000.0,158984000.0,640000.0
81,450,147097214.0,16981055.84833299,15432000.0,158984000.0,640000.0
82,436,147747696.0,16227413.497399516,31668000.0,158984000.0,640000.0
83,465,148358892.0,15585888.313867003,77672000.0,158984000.0,640000.0
84,448,147794744.0,19198261.810759433,8355000.0,158984000.0,640000.0
85,453,148177552.0,18762629.15199509,9993000.0,158984000.0,640000.0
86,457,149056106.0,16949916.29202823,58317000.0,157976000.0,640000.0
87,455,150102416.0,14411880.738298662,78932000.0,157864000.0,640000.0
88,450,149394140.0,16516957.477344306,15444000.0,157864000.0,640000.0
89,458,149580258.0,17127690.240059692,5638000.0,157864000.0,640000.0
90,461,150972808.0,14442374.568440469,59199000.0,157864000.0,640000.0
91,430,151045848.0,16919031.179381873,6638000.0,157864000.0,640000.0
92,456,152110498.0,15189753.832830735,6638000.0,157864000.0,640000.0
93,462,152867092.0,14008418.727877034,58821000.0,157864000.0,640000.0
94,461,153428272.0,12342511.304836467,58821000.0,157864000.0,640000.0
95,467,153059444.0,14978926.078690154,13276000.0,157864000.0,640000.0
96,454,153188982.0,12378489.43165829,58821000.0,157864000.0,640000.0
97,443,152892242.0,13529130.29782166,58821000.0,157864000.0,640000.0
98,444,151505160.0,15773679.883603573,58821000.0,157864000.0,640000.0
99,456,151520166.0,16258042.341882493,58821000.0,157864000.0,640000.0
100,458,150890170.0,17269265.499641266,59199000.0,157864000.0,640000.0
0,500,20320728.0,13272863.858188858,858000.0,70056000.0,640000.0
1,463,27562170.0,15586770.29859297,798000.0,94976000.0,640000.0
2,446,34000036.0,17373448.38720005,1783000.0,98686000.0,640000.0
3,455,38785534.0,18851486.101547647,2764000.0,112455000.0,640000.0
4,469,44499716.0,19494473.298844058,1833000.0,110838000.0,640000.0
5,442,48172580.0,20816564.649807133,2286000.0,122010000.0,640000.0
6,459,54911506.0,21358020.977655306,5043000.0,122010000.0,640000.0
7,449,59591786.0,23293758.01239903,5228000.0,126560000.0,640000.0
8,458,65419988.0,24974244.875067916,11116000.0,137690000.0,640000.0
9,456,69517260.0,24806319.37108768,6318000.0,135555000.0,640000.0
10,449,73685844.0,25642308.02739223,6216000.0,136318000.0,640000.0
11,443,78629498.0,24453618.900154553,4940000.0,136318000.0,640000.0
12,459,82568984.0,24044533.916209396,19124000.0,136563000.0,640000.0
13,465,85798706.0,24645659.531762667,10806000.0,139146000.0,640000.0
14,460,89754262.0,25413846.697840843,4708000.0,139776000.0,640000.0
15,442,92138318.0,25253251.38632402,4708000.0,139482000.0,640000.0
16,452,93750726.0,25061643.444333892,6154000.0,140154000.0,640000.0
17,456,96605896.0,25469327.714904137,4932000.0,139482000.0,640000.0
18,449,100207848.0,24790510.698751166,5808000.0,140154000.0,640000.0
19,467,103382206.0,24532918.89481486,6648000.0,140154000.0,640000.0
20,451,104627826.0,24467289.52948659,6696000.0,155960000.0,640000.0
21,451,106340346.0,24653685.033647284,9198000.0,140910000.0,640000.0
22,457,108186240.0,23643123.09942153,9270000.0,140154000.0,640000.0
23,446,113181686.0,22019235.52377339,10506000.0,140154000.0,640000.0
24,458,115178208.0,21965696.543946337,8463000.0,140154000.0,640000.0
25,453,116891998.0,21209625.72592916,6632000.0,140910000.0,640000.0
26,458,120167706.0,19302147.985433225,15432000.0,140910000.0,640000.0
27,450,120799496.0,19917256.88999326,7300000.0,140910000.0,640000.0
28,456,124156408.0,18558611.121243313,11456000.0,140910000.0,640000.0
29,464,125251462.0,17831375.097410634,5620000.0,140910000.0,640000.0
30,453,125749454.0,18231816.817308255,9315000.0,140910000.0,640000.0
31,454,127247496.0,16013987.61439461,15432000.0,140910000.0,640000.0
32,455,128327470.0,16484215.71058508,15420000.0,140910000.0,640000.0
33,455,128828372.0,15134355.127907367,11700000.0,140910000.0,640000.0
34,430,129365122.0,16212646.16955283,6674000.0,140910000.0,640000.0
35,450,129026816.0,18004189.886083294,7800000.0,155960000.0,640000.0
36,443,130213542.0,16973050.64389534,9261000.0,140910000.0,640000.0
37,457,131805006.0,15672284.319459112,3873000.0,155960000.0,640000.0
38,445,132429278.0,13311191.182186363,9261000.0,155512000.0,640000.0
39,448,131640654.0,16908471.213042416,3882000.0,140910000.0,640000.0
40,458,131836544.0,18336357.0011075,6642000.0,140910000.0,640000.0
41,449,134118656.0,11175719.950216362,9984000.0,140910000.0,640000.0
42,447,134033618.0,12118704.77072843,3866000.0,140910000.0,640000.0
43,437,134246898.0,12982670.325614681,3866000.0,140910000.0,640000.0
44,448,134232640.0,12736856.058792531,9234000.0,140910000.0,640000.0
45,452,134499226.0,12529065.86377947,14432000.0,140910000.0,640000.0
46,462,134563174.0,13142195.967330726,15435000.0,140910000.0,640000.0
47,446,135420970.0,11243448.419639768,6642000.0,140910000.0,640000.0
48,456,135175172.0,13917348.00507683,10011000.0,140910000.0,640000.0
49,456,135117774.0,13983884.95257752,7716000.0,140910000.0,640000.0
50,453,135178514.0,14229225.789121628,9213000.0,140910000.0,640000.0
51,465,135839794.0,11980816.251473187,6642000.0,140910000.0,640000.0
52,460,135578846.0,13735457.013812246,10011000.0,140910000.0,640000.0
53,450,135209776.0,15318222.250568895,3866000.0,140910000.0,640000.0
54,463,135371382.0,15652677.245125704,6642000.0,140910000.0,640000.0
55,465,136456476.0,10812552.620053416,6674000.0,140910000.0,640000.0
56,467,136127042.0,12234825.694395322,14464000.0,140910000.0,640000.0
57,472,135014220.0,14123274.397093615,6642000.0,140910000.0,640000.0
58,455,135854436.0,12133484.183115087,6656000.0,140910000.0,640000.0
59,464,135082578.0,15098167.582323227,6642000.0,140910000.0,640000.0
60,458,136081444.0,9765760.272035353,15528000.0,140910000.0,640000.0
61,469,134950738.0,16214076.219919406,9963000.0,140910000.0,640000.0
62,452,135267192.0,15375287.973860392,10011000.0,140910000.0,640000.0
63,449,133743712.0,20034621.357965715,6642000.0,140910000.0,640000.0
64,453,135238754.0,15071751.079469299,3882000.0,140910000.0,640000.0
65,451,134968510.0,16659162.913240869,6674000.0,140910000.0,640000.0
66,467,135916548.0,12782234.104087438,9963000.0,140910000.0,640000.0
67,442,135935552.0,11688517.389271233,15528000.0,140910000.0,640000.0
68,438,136176458.0,11811162.258483963,6626000.0,140910000.0,640000.0
69,452,135229398.0,15641134.973894829,5584000.0,140910000.0,640000.0
70,454,135837074.0,13538742.949200416,6642000.0,140910000.0,640000.0
71,461,134778306.0,17341276.278877627,6642000.0,140910000.0,640000.0
72,453,135694846.0,13996833.141188903,6642000.0,140910000.0,640000.0
73,451,135807078.0,13533099.71853884,6642000.0,140910000.0,640000.0
74,454,135276374.0,14400808.479600165,6642000.0,140910000.0,640000.0
75,454,136042604.0,12502379.934683796,6642000.0,140910000.0,640000.0
76,461,136368324.0,11194706.450775027,6626000.0,140910000.0,640000.0
77,462,135336558.0,15492590.017896814,9963000.0,140910000.0,640000.0
78,450,134621040.0,18090222.47719469,6642000.0,140910000.0,640000.0
79,458,136648078.0,9949878.419353474,13348000.0,140910000.0,640000.0
80,449,135907048.0,12656400.18337347,3866000.0,140910000.0,640000.0
81,454,134349772.0,16708157.354897518,3866000.0,140910000.0,640000.0
82,470,135394432.0,12085414.538085816,15528000.0,140910000.0,640000.0
83,454,135626802.0,11959446.888999341,6642000.0,140910000.0,640000.0
84,465,135706418.0,12982701.774718389,15464000.0,140910000.0,640000.0
85,448,135902376.0,12917385.436791146,10011000.0,140910000.0,640000.0
86,451,135580946.0,14634956.995054137,9930000.0,140910000.0,640000.0
87,458,135003792.0,17153470.848686453,3882000.0,140910000.0,640000.0
88,457,135986510.0,12612382.159207674,15464000.0,140910000.0,640000.0
89,458,136076698.0,13550455.624915201,6642000.0,140910000.0,640000.0
90,454,135675566.0,15975728.91149709,6642000.0,140910000.0,640000.0
91,452,137530938.0,7826541.40614844,16775000.0,140910000.0,640000.0
92,460,135969090.0,13776886.093813071,10065000.0,140910000.0,640000.0
93,451,136691374.0,12247770.57876755,9963000.0,140910000.0,640000.0
94,454,136833438.0,12409642.818637287,6642000.0,140910000.0,640000.0
95,452,136968428.0,11864633.898979606,9213000.0,140910000.0,640000.0
96,461,135898864.0,16750524.60615798,9963000.0,140910000.0,640000.0
97,456,135925162.0,14893375.502140407,3355000.0,140910000.0,640000.0
98,451,134515654.0,17391153.897032943,10011000.0,140910000.0,640000.0
99,454,134789602.0,17957308.792789526,3355000.0,140910000.0,640000.0
100,450,136646124.0,12142635.716705991,10065000.0,140910000.0,640000.0
0,500,19716808.0,11928470.991503311,934000.0,73908000.0,640000.0
1,453,26136112.0,14866100.062741943,1070000.0,85995000.0,640000.0
2,458,31966466.0,17346213.36444482,1930000.0,106477000.0,640000.0
3,465,38018430.0,18909045.62512609,963000.0,112847000.0,640000.0
4,461,45737600.0,19589007.017712764,3816000.0,125244000.0,640000.0
5,457,49735072.0,21250869.750737637,3268000.0,125244000.0,640000.0
6,452,56515086.0,23040923.028876342,1780000.0,128352000.0,640000.0
7,454,63344230.0,23613422.390689157,5721000.0,128856000.0,640000.0
8,451,68368496.0,23741754.081827737,6036000.0,136024000.0,640000.0
9,459,73133816.0,24394017.387920015,4314000.0,127680000.0,640000.0
10,461,77265934.0,26768059.082601488,3908000.0,156352000.0,640000.0
11,450,82675896.0,25446054.071725618,5204000.0,143864000.0,640000.0
12,456,86136638.0,25972538.8869659,2810000.0,142352000.0,640000.0
13,454,90975876.0,23460701.440507356,20692000.0,144984000.0,640000.0
14,454,92912746.0,25272984.03935483,11264000.0,156464000.0,640000.0
15,444,94989692.0,24997752.529240225,5668000.0,156464000.0,640000.0
16,444,102056912.0,24125331.189856358,13608000.0,157472000.0,640000.0
17,451,103839020.0,23832616.647015493,8139000.0,140910000.0,640000.0
18,459,106345056.0,24334530.939898226,9954000.0,143472000.0,640000.0
19,460,109578538.0,21713534.330655526,13336000.0,140910000.0,640000.0
20,447,112779324.0,21341968.589683194,16565000.0,155344000.0,640000.0
21,451,113478230.0,22819305.98202101,6680000.0,156352000.0,640000.0
22,454,115453636.0,20548051.611466814,6638000.0,142352000.0,640000.0
23,453,116582792.0,20415819.684664536,10038000.0,140910000.0,640000.0
24,450,119121780.0,20015052.226951595,7210000.0,140910000.0,640000.0
25,475,118823040.0,21446464.85718334,2538000.0,140910000.0,640000.0
26,461,120636446.0,19183953.91891578,9939000.0,140910000.0,640000.0
27,459,120716318.0,19821937.204644658,5668000.0,140910000.0,640000.0
28,448,122431066.0,18701299.34891274,10200000.0,140910000.0,640000.0
29,463,124921632.0,15276049.685981518,15300000.0,140910000.0,640000.0
30,446,125384652.0,15828074.377980918,11646000.0,140910000.0,640000.0
31,459,126509926.0,15708924.776461437,10200000.0,140910000.0,640000.0
32,456,126415440.0,18473000.39815947,7710000.0,140910000.0,640000.0
33,473,126955774.0,18040003.94442651,3882000.0,140910000.0,640000.0
34,459,128851932.0,16578178.132695282,6732000.0,140910000.0,640000.0
35,447,130792252.0,12841457.978924979,9984000.0,140910000.0,640000.0
36,446,129884568.0,16927983.88046775,6614000.0,140910000.0,640000.0
37,459,131089476.0,14827114.276130201,9930000.0,140910000.0,640000.0
38,444,130445506.0,16224508.877681443,13228000.0,140910000.0,640000.0
39,446,130892022.0,15000895.986090831,14528000.0,140910000.0,640000.0
40,456,131364738.0,13377870.86697117,15420000.0,140910000.0,640000.0
41,468,131823592.0,12134784.456987113,15432000.0,140910000.0,640000.0
42,459,132859194.0,12473125.943578217,10869000.0,140910000.0,640000.0
43,450,132657508.0,14936890.397065114,3882000.0,140910000.0,640000.0
44,448,133033898.0,14167389.17456551,3882000.0,140910000.0,640000.0
45,458,133780820.0,12268788.176490782,11565000.0,140910000.0,640000.0
46,459,134704596.0,8339239.967334193,15420000.0,140910000.0,640000.0
47,457,133673518.0,11704614.754944991,7710000.0,140910000.0,640000.0
48,449,133282250.0,15958922.49218286,9921000.0,140910000.0,640000.0
49,452,132438006.0,18483218.840504054,3873000.0,140910000.0,640000.0
50,446,133739920.0,15167828.983925154,11565000.0,140910000.0,640000.0
51,443,134715876.0,13627667.667382559,7210000.0,140910000.0,640000.0
52,437,134463320.0,13644396.805047851,15408000.0,140910000.0,640000.0
53,446,134362388.0,13571377.397503026,9930000.0,140910000.0,640000.0
54,453,134166542.0,15271834.489943767,7800000.0,140910000.0,640000.0
55,451,133494946.0,16388597.853601875,3623000.0,140910000.0,640000.0
56,472,134414726.0,11833095.961029135,15408000.0,140910000.0,640000.0
57,440,134300734.0,13989041.560137134,11556000.0,140910000.0,640000.0
58,459,134673840.0,11029896.212131826,11556000.0,140910000.0,640000.0
59,450,133839392.0,15425737.840970071,7710000.0,140910000.0,640000.0
60,452,134430572.0,13180044.157771856,13216000.0,140910000.0,640000.0
61,462,133931466.0,14568263.569720449,3873000.0,140910000.0,640000.0
62,449,134416144.0,12692174.228053443,8367000.0,140910000.0,640000.0
63,454,134766568.0,12269194.81683195,11556000.0,140910000.0,640000.0
64,445,134717496.0,11240003.306849336,7722000.0,140910000.0,640000.0
65,461,133548614.0,15112278.935389062,6614000.0,140910000.0,640000.0
66,452,134214426.0,13222244.425078671,15492000.0,140910000.0,640000.0
67,462,133807104.0,16463594.60243066,3882000.0,140910000.0,640000.0
68,451,134734106.0,11815067.916129978,15528000.0,140910000.0,640000.0
69,465,134578906.0,12795429.040605243,15528000.0,140910000.0,640000.0
70,452,134588346.0,13021585.26732763,6632000.0,140910000.0,640000.0
71,457,134049278.0,14663854.090951532,3852000.0,140910000.0,640000.0
72,459,135269316.0,9007556.124951096,15528000.0,140910000.0,640000.0
73,463,134108400.0,12407558.408808721,7722000.0,140910000.0,640000.0
74,460,134215408.0,13031113.524850285,13420000.0,140910000.0,640000.0
75,463,133798458.0,13709955.279002044,9984000.0,140910000.0,640000.0
76,454,134343826.0,12932528.495221807,7722000.0,140910000.0,640000.0
77,451,134191346.0,14399149.291617336,7722000.0,140910000.0,640000.0
78,467,134148862.0,14775145.585846389,3882000.0,140910000.0,640000.0
79,445,133923204.0,16268089.800907297,3882000.0,140910000.0,640000.0
80,455,134682886.0,13174921.085646167,15420000.0,140910000.0,640000.0
81,443,135334974.0,11248035.162166057,15420000.0,140910000.0,640000.0
82,420,134949844.0,12393585.083891748,3882000.0,140910000.0,640000.0
83,445,134678440.0,11778649.18173557,5620000.0,140784000.0,640000.0
84,462,134367442.0,14358431.784517277,3882000.0,140910000.0,640000.0
85,452,134731880.0,12277632.504746182,3882000.0,140910000.0,640000.0
86,452,135144172.0,10412072.639509195,7722000.0,140910000.0,640000.0
87,454,135501834.0,9861475.835109266,15420000.0,140910000.0,640000.0
88,453,134212562.0,14776017.935768621,11700000.0,140910000.0,640000.0
89,462,134641540.0,13591549.28786266,11700000.0,140910000.0,640000.0
90,459,135436338.0,10105898.309589108,7710000.0,140910000.0,640000.0
91,461,135149126.0,11303832.85979247,11565000.0,140910000.0,640000.0
92,465,135327348.0,10499149.138044283,15528000.0,140910000.0,640000.0
93,462,134886840.0,12389948.363669641,15420000.0,140910000.0,640000.0
94,439,135594870.0,8161809.296050723,15600000.0,140910000.0,640000.0
95,455,135168674.0,10671076.079558425,11646000.0,140910000.0,640000.0
96,446,135049028.0,11524332.887035849,11646000.0,140910000.0,640000.0
97,474,134579588.0,14816494.802963892,3873000.0,140910000.0,640000.0
98,449,135463374.0,9547939.767202346,15492000.0,140910000.0,640000.0
99,463,135076036.0,12341867.352824045,3873000.0,140784000.0,640000.0
100,455,134514296.0,14421697.082395816,7710000.0,140910000.0,640000.0
0,500,20591384.0,12923689.889831929,1124000.0,86534000.0,640000.0
1,461,27697010.0,14855786.75149519,1050000.0,86534000.0,640000.0
2,462,33036916.0,15467314.977621164,1177000.0,83545000.0,640000.0
3,456,36883464.0,17106415.143702786,1961000.0,112504000.0,640000.0
4,453,43137200.0,18448210.36903038,2612000.0,112308000.0,640000.0
5,453,49086414.0,20415571.51829466,3488000.0,136612000.0,640000.0
6,450,53978652.0,21976434.0292709,1630000.0,127645000.0,640000.0
7,460,61210270.0,23606743.768700924,4188000.0,138278000.0,640000.0
8,424,66430480.0,24886307.52822925,4296000.0,137396000.0,640000.0
9,464,71900924.0,25891408.546354212,6933000.0,157864000.0,640000.0
10,441,77826720.0,26109892.844314776,7736000.0,138572000.0,640000.0
11,469,83287666.0,26862202.508924022,4104000.0,158984000.0,640000.0
12,464,88025026.0,26701616.804255955,6196000.0,156296000.0,640000.0
13,445,93678498.0,26378325.223902978,14444000.0,156296000.0,640000.0
14,451,97350052.0,25829742.584650278,16626000.0,142464000.0,640000.0
15,452,101032662.0,23511191.794457294,28490000.0,158984000.0,640000.0
16,457,103992506.0,24502063.600235064,6662000.0,158984000.0,640000.0
17,464,105987944.0,23500326.66693942,15432000.0,158984000.0,640000.0
18,439,109868530.0,22303356.520064417,9996000.0,158984000.0,640000.0
19,448,110427764.0,20617640.407192674,15432000.0,158984000.0,640000.0
20,453,111362570.0,21551417.158532754,11565000.0,157864000.0,640000.0
21,473,111943278.0,21721128.060317587,6142000.0,157864000.0,640000.0
22,469,112926354.0,22112101.552423373,9939000.0,157864000.0,640000.0
23,458,114126628.0,22041576.915947188,5108000.0,157864000.0,640000.0
24,461,115949712.0,20207287.98005947,7716000.0,157864000.0,640000.0
25,472,118133178.0,19466669.14811869,6648000.0,157864000.0,640000.0
26,458,119192044.0,18466110.150815845,13296000.0,157864000.0,640000.0
27,449,119758628.0,20133355.016827572,11700000.0,157864000.0,640000.0
28,449,120617696.0,18833053.88298945,17600000.0,157864000.0,640000.0
29,457,120211498.0,19361627.875207085,17600000.0,157864000.0,640000.0
30,453,121674194.0,18323736.75461324,58191000.0,157864000.0,640000.0
31,460,121644560.0,19541356.783253305,13296000.0,157864000.0,640000.0
32,467,123022292.0,19871464.686196033,10056000.0,157864000.0,640000.0
33,461,124285150.0,18469290.95919765,58485000.0,157864000.0,640000.0
34,456,124367242.0,18493036.34040219,58800000.0,157864000.0,640000.0
35,461,126556956.0,18616822.187421355,55925000.0,157864000.0,640000.0
36,459,125746216.0,19894681.069103472,16580000.0,157864000.0,640000.0
37,476,126407972.0,18651205.26516225,9957000.0,157864000.0,640000.0
38,456,125713296.0,20433495.015204422,6654000.0,157864000.0,640000.0
39,460,126545390.0,19438610.692482628,5554000.0,157864000.0,640000.0
40,424,125881932.0,20045533.273409713,13252000.0,157864000.0,640000.0
41,479,127097002.0,18364822.60393484,13336000.0,157864000.0,640000.0
42,458,128414026.0,18359775.818819903,6144000.0,157864000.0,640000.0
43,457,130021670.0,16904766.23633406,58422000.0,157864000.0,640000.0
44,442,130044414.0,18568331.993870746,15528000.0,157864000.0,640000.0
45,445,130812602.0,18979757.220354427,6632000.0,157864000.0,640000.0
46,447,131724836.0,17133166.662969925,16644000.0,157864000.0,640000.0
47,454,132153884.0,19564847.11687122,6638000.0,157864000.0,640000.0
48,459,134003590.0,18279136.70548749,6642000.0,157976000.0,640000.0
49,460,134469632.0,19229310.343446434,6642000.0,157864000.0,640000.0
50,444,136899340.0,16443766.271642273,53676000.0,157864000.0,640000.0
51,462,137049210.0,17562468.661833964,58254000.0,157864000.0,640000.0
52,462,137303528.0,18788257.420346785,9930000.0,157864000.0,640000.0
53,458,137460044.0,16727170.460124569,58254000.0,157864000.0,640000.0
54,438,138344730.0,18519441.7668865,15432000.0,157864000.0,640000.0
55,443,138478400.0,19812990.558620878,9966000.0,157864000.0,640000.0
56,460,140079302.0,17073351.14014809,2798000.0,157864000.0,640000.0
57,452,140494712.0,17522220.799689062,16644000.0,157864000.0,640000.0
58,456,140414196.0,18641697.130400546,13252000.0,157864000.0,640000.0
59,453,141323586.0,16408337.363505298,77672000.0,157864000.0,640000.0
60,457,141530072.0,18122391.666190643,2801000.0,157864000.0,640000.0
61,455,142722560.0,17721027.05077784,13276000.0,157864000.0,640000.0
62,477,142360420.0,20050640.082241762,11276000.0,157864000.0,640000.0
63,456,143003620.0,17526635.850373566,58317000.0,157864000.0,640000.0
64,452,143917056.0,17588748.600991033,58317000.0,157864000.0,640000.0
65,451,144691292.0,18040539.772599265,58254000.0,157864000.0,640000.0
66,478,145753014.0,17957292.285804227,58485000.0,157864000.0,640000.0
67,451,147660568.0,16457702.159820976,27740000.0,157864000.0,640000.0
68,464,147194012.0,17546500.600286543,19275000.0,157864000.0,640000.0
69,465,146377580.0,19313489.89974624,19275000.0,157864000.0,640000.0
70,440,147395680.0,17817641.65442778,33420000.0,157864000.0,640000.0
71,454,149436258.0,15194643.22764559,66720000.0,157864000.0,640000.0
72,463,149399678.0,15763948.70717093,58506000.0,157864000.0,640000.0
73,451,148524512.0,16646720.094056247,66720000.0,157864000.0,640000.0
74,443,150764080.0,13024399.914529651,58317000.0,157864000.0,640000.0
75,452,150070304.0,16276229.095941849,9939000.0,157864000.0,640000.0
76,456,149185046.0,17396314.674777646,11096000.0,157864000.0,640000.0
77,456,149884300.0,15206369.645447923,58359000.0,157864000.0,640000.0
78,452,149985550.0,15720298.50656469,6648000.0,157864000.0,640000.0
79,453,150635412.0,15262591.927266352,2819000.0,157864000.0,640000.0
80,457,150707508.0,13950552.044200115,77504000.0,157864000.0,640000.0
81,467,150098378.0,13963085.65651289,77672000.0,157864000.0,640000.0
82,445,149169748.0,16742885.513211155,16680000.0,157864000.0,640000.0
83,458,148703036.0,17101768.49576394,58317000.0,157864000.0,640000.0
84,454,148222080.0,17257110.696104374,58317000.0,157864000.0,640000.0
85,453,148316154.0,18077901.06019734,8457000.0,157864000.0,640000.0
86,465,149165756.0,17499094.531102575,6722000.0,157864000.0,640000.0
87,449,149057746.0,16273286.367095124,51996000.0,157864000.0,640000.0
88,447,149501988.0,16049264.09527415,58380000.0,157864000.0,640000.0
89,453,149525494.0,15299337.553435573,59199000.0,157864000.0,640000.0
90,464,150691574.0,15248909.006369079,6632000.0,157864000.0,640000.0
91,462,150925462.0,15797770.266482418,9957000.0,157864000.0,640000.0
92,461,151116356.0,13826604.663953621,77840000.0,157864000.0,640000.0
93,455,151522556.0,13915352.807128679,58380000.0,157864000.0,640000.0
94,438,152719088.0,10879197.768229788,58380000.0,157864000.0,640000.0
95,448,152649468.0,12759253.441051165,16644000.0,157864000.0,640000.0
96,441,153113222.0,11029788.544152422,58254000.0,157864000.0,640000.0
97,467,152238866.0,13919953.56357355,58254000.0,157864000.0,640000.0
98,440,152172748.0,14056199.320602138,58254000.0,157864000.0,640000.0
99,453,153253030.0,12322604.325105144,58317000.0,157864000.0,640000.0
100,457,154486878.0,8500249.32664425,77840000.0,157864000.0,640000.0
0,500,20463690.0,13288088.265130542,790000.0,89355000.0,640000.0
1,460,28177164.0,16919584.88855752,675000.0,103782000.0,640000.0
2,447,36627384.0,19541399.47262079,1003000.0,115150000.0,640000.0
3,461,42300526.0,20594519.528780565,1687000.0,111426000.0,640000.0
4,463,49879136.0,21458025.89795958,1853000.0,132846000.0,640000.0
5,455,55370676.0,22633189.98857704,4263000.0,132846000.0,640000.0
6,452,62488064.0,23796885.156673424,5620000.0,137102000.0,640000.0
7,464,68573008.0,25546451.96765954,5110000.0,137984000.0,640000.0
8,449,73903956.0,25041483.133593824,9162000.0,138425000.0,640000.0
9,452,78701834.0,26769199.618936013,4704000.0,140910000.0,640000.0
10,453,85175994.0,24530936.51245227,10074000.0,140910000.0,640000.0
11,449,89582120.0,25880790.223747034,6573000.0,139307000.0,640000.0
12,447,95730288.0,25156269.3390943,2568000.0,140028000.0,640000.0
13,451,100239526.0,23850083.449106086,5668000.0,140028000.0,640000.0
14,462,104365658.0,24218172.95398305,8640000.0,155680000.0,640000.0
15,442,106385126.0,24135153.01327348,5354000.0,155680000.0,640000.0
16,463,107960888.0,22844742.695496835,12812000.0,155680000.0,640000.0
17,456,108250644.0,23551222.735248037,6126000.0,156352000.0,640000.0
18,454,110630850.0,22313154.308691993,9204000.0,156352000.0,640000.0
19,447,113144218.0,21421450.88294619,9948000.0,156352000.0,640000.0
20,447,114123020.0,22172732.738649964,5394000.0,156352000.0,640000.0
21,460,115619052.0,22791899.653545685,8127000.0,155960000.0,640000.0
22,436,115652166.0,23539260.799235903,3882000.0,156856000.0,640000.0
23,448,117938256.0,20663199.984379575,4976000.0,156856000.0,640000.0
24,432,119846688.0,20386481.199919127,6626000.0,155680000.0,640000.0
25,457,118575084.0,22617220.407135446,3481000.0,155680000.0,640000.0
26,449,120588794.0,20188935.28424825,6674000.0,155680000.0,640000.0
27,447,121192254.0,21894832.96564475,7722000.0,155680000.0,640000.0
28,460,123792818.0,19149323.446244154,15528000.0,140910000.0,640000.0
29,459,124184766.0,17714153.038044017,9921000.0,140910000.0,640000.0
30,444,125044578.0,15562384.647730436,15600000.0,140910000.0,640000.0
31,446,125585860.0,16157957.749307305,10083000.0,140910000.0,640000.0
32,452,125042498.0,17338573.419805795,13216000.0,140910000.0,640000.0
33,447,124872064.0,18530728.064377394,13252000.0,140910000.0,640000.0
34,447,124794372.0,17472051.43884415,6728000.0,140910000.0,640000.0
35,462,124621786.0,19928037.286802836,9921000.0,140910000.0,640000.0
36,452,124796262.0,17224105.81822337,16640000.0,140910000.0,640000.0
37,459,125318246.0,18659598.335159417,6626000.0,140910000.0,640000.0
38,464,124125796.0,23078501.940342315,3852000.0,140910000.0,640000.0
39,456,127121860.0,16760645.467415627,10056000.0,140910000.0,640000.0
40,451,127789620.0,16264979.448483787,15408000.0,140910000.0,640000.0
41,449,127512214.0,17283331.44773322,13444000.0,140910000.0,640000.0
42,455,127548902.0,16958962.470634695,3873000.0,140910000.0,640000.0
43,462,128191648.0,15474115.411877217,13216000.0,140910000.0,640000.0
44,448,127965190.0,17105318.14255146,6614000.0,140910000.0,640000.0
45,468,127136950.0,17164637.108179715,6686000.0,140910000.0,640000.0
46,451,127872690.0,16204993.272010328,10029000.0,140910000.0,640000.0
47,450,127451936.0,18173640.259229958,6608000.0,140910000.0,640000.0
48,460,128023242.0,18256357.241011582,10083000.0,140910000.0,640000.0
49,455,128129742.0,17449130.71013671,10065000.0,140910000.0,640000.0
50,439,128653092.0,17825111.30892416,6710000.0,140910000.0,640000.0
51,448,128446448.0,17390214.314932868,13252000.0,140910000.0,640000.0
52,440,129393294.0,14444008.61435509,15492000.0,140910000.0,640000.0
53,454,128513152.0,17111025.83379781,11556000.0,140910000.0,640000.0
54,458,128659150.0,17409882.32687114,9954000.0,140910000.0,640000.0
55,463,128733732.0,16896342.904196043,9912000.0,140910000.0,640000.0
56,467,128404272.0,17746673.580759183,15444000.0,140910000.0,640000.0
57,454,129117842.0,15331745.727249589,6644000.0,140910000.0,640000.0
58,448,128865072.0,16996817.03633995,8430000.0,140910000.0,640000.0
59,470,129303088.0,15916043.704270732,10011000.0,140910000.0,640000.0
60,443,129482526.0,16547834.724136086,9939000.0,140910000.0,640000.0
61,463,130293294.0,16457241.69062252,11176000.0,140910000.0,640000.0
62,464,131195222.0,16879436.575926222,13336000.0,140910000.0,640000.0
63,456,132764004.0,13977605.852505071,6614000.0,140910000.0,640000.0
64,468,131503140.0,15288392.953754164,11700000.0,140910000.0,640000.0
65,451,131167600.0,14218274.96175257,2789000.0,140910000.0,640000.0
66,449,131060174.0,17093446.686485555,6704000.0,140910000.0,640000.0
67,465,131377928.0,15916174.44120339,6674000.0,140910000.0,640000.0
68,448,131477476.0,14672228.303479468,15408000.0,140910000.0,640000.0
69,443,132183362.0,14851457.086863767,9921000.0,140910000.0,640000.0
70,457,131595898.0,17147736.870490987,6632000.0,140910000.0,640000.0
71,446,132310606.0,15908127.065583931,10065000.0,140910000.0,640000.0
72,457,132206656.0,15095287.340414027,10056000.0,140910000.0,640000.0
73,457,133140038.0,11748662.881219974,58695000.0,140910000.0,640000.0
74,447,133219632.0,14439900.775440807,6674000.0,140910000.0,640000.0
75,445,131717030.0,17077304.0401903,6632000.0,140910000.0,640000.0
76,447,132215834.0,16792295.32215426,7710000.0,140910000.0,640000.0
77,443,131999068.0,15593483.754420498,6632000.0,140910000.0,640000.0
78,460,132504110.0,15769145.599870019,9939000.0,140910000.0,640000.0
79,459,133173404.0,13316928.309065271,16550000.0,140910000.0,640000.0
80,454,132984914.0,16008222.467800852,16535000.0,140910000.0,640000.0
81,457,134124032.0,11797594.205217265,3882000.0,140910000.0,640000.0
82,444,134008916.0,14421174.622787979,6632000.0,140910000.0,640000.0
83,440,133898486.0,15351086.950760327,10011000.0,140910000.0,640000.0
84,460,131849060.0,17105874.49282848,6656000.0,140910000.0,640000.0
85,457,132856774.0,14025637.46055501,11583000.0,140910000.0,640000.0
86,458,133398346.0,12079233.805762848,58422000.0,140910000.0,640000.0
87,454,133378274.0,16636619.902459875,5606000.0,140910000.0,640000.0
88,459,132348266.0,20012082.058877435,2773000.0,140910000.0,640000.0
89,440,132504860.0,18424754.552297298,6632000.0,140910000.0,640000.0
90,450,133496190.0,17273365.03411828,7722000.0,140910000.0,640000.0
91,461,134026660.0,15617641.42348005,3873000.0,140910000.0,640000.0
92,455,134808690.0,12799471.349782381,13228000.0,140910000.0,640000.0
93,451,134807942.0,15041786.463802628,6614000.0,140910000.0,640000.0
94,440,133431930.0,18099310.473968342,6614000.0,140910000.0,640000.0
95,461,133245876.0,16599629.09575464,6614000.0,140910000.0,640000.0
96,449,132308320.0,20646167.4753839,6614000.0,140910000.0,640000.0
97,451,134638144.0,13858442.579859542,6656000.0,140910000.0,640000.0
98,437,135312334.0,12186774.322454814,6632000.0,140910000.0,640000.0
99,457,135358808.0,10737194.364410844,33070000.0,140910000.0,640000.0
100,464,134840816.0,13850340.22968909,10065000.0,140910000.0,640000.0
0,500,20853404.0,12943923.661887998,755000.0,76097000.0,640000.0
1,451,26218730.0,13894030.794305157,1168000.0,75950000.0,640000.0
2,455,31476864.0,15960759.59462782,1484000.0,81648000.0,640000.0
3,454,37258420.0,16956084.289233763,2041000.0,94136000.0,640000.0
4,467,43591982.0,20210682.706570704,2041000.0,104370000.0,640000.0
5,466,48312896.0,20204256.36239018,4158000.0,117894000.0,640000.0
6,465,52673272.0,21042428.713007823,1908000.0,118650000.0,640000.0
7,472,56681100.0,21482213.483018924,1502000.0,126000000.0,640000.0
8,456,60735290.0,22225359.69944919,8439000.0,126560000.0,640000.0
9,459,67127942.0,24073909.6456441,2067000.0,137984000.0,640000.0
10,442,72049250.0,23315064.586560767,2676000.0,136906000.0,640000.0
11,461,76869940.0,24351480.526004985,8859000.0,138376000.0,640000.0
12,449,80722844.0,26032060.34173369,7221000.0,139111000.0,640000.0
13,452,86283288.0,25339820.7656853,6654000.0,139111000.0,640000.0
14,459,92476882.0,26027011.800283104,6178000.0,139020000.0,640000.0
15,460,93854930.0,26603189.263340212,7641000.0,140910000.0,640000.0
16,452,98085488.0,24850982.292252675,9171000.0,139650000.0,640000.0
17,458,101049842.0,25766745.930618323,7800000.0,140910000.0,640000.0
18,464,104447188.0,24526569.161475804,6642000.0,140910000.0,640000.0
19,450,107126598.0,23488939.80264746,13134000.0,140910000.0,640000.0
20,442,107823468.0,24570375.524134263,4712000.0,156464000.0,640000.0
21,451,109007754.0,23896940.223666377,8916000.0,140910000.0,640000.0
22,450,110154252.0,22548685.616782546,5642000.0,140910000.0,640000.0
23,453,112204264.0,22291026.77640274,11556000.0,140910000.0,640000.0
24,449,112842068.0,22437219.066973876,14640000.0,140910000.0,640000.0
25,447,113110412.0,22703400.06523816,9315000.0,140784000.0,640000.0
26,451,115851754.0,20087178.827239133,12228000.0,140784000.0,640000.0
27,465,117583472.0,19802540.704192884,7004000.0,140784000.0,640000.0
28,448,118881092.0,18440740.686630134,7300000.0,140910000.0,640000.0
29,453,121487810.0,19338456.597616576,10869000.0,155344000.0,640000.0
30,468,122704318.0,16984175.866402116,13492000.0,140910000.0,640000.0
31,478,123001952.0,16059455.990216356,14600000.0,155344000.0,640000.0
32,450,122263786.0,18041487.500985168,9948000.0,155680000.0,640000.0
33,462,122388414.0,18594622.27308218,7716000.0,155680000.0,640000.0
34,469,123797082.0,18613708.01531162,9189000.0,155680000.0,640000.0
35,456,123855954.0,19563502.704778712,7222000.0,155680000.0,640000.0
36,452,123786618.0,17927480.66896395,11574000.0,155680000.0,640000.0
37,468,125689378.0,16548959.283746999,11574000.0,155680000.0,640000.0
38,435,123888488.0,21465294.86556977,9984000.0,140910000.0,640000.0
39,449,126556586.0,17014111.630602524,13284000.0,157864000.0,640000.0
40,463,126418848.0,19128896.860846315,8454000.0,140910000.0,640000.0
41,454,127904110.0,16290231.496755961,6678000.0,155176000.0,640000.0
42,452,127813730.0,17703740.87025395,6186000.0,155176000.0,640000.0
43,460,129151058.0,17510058.18044692,9930000.0,140910000.0,640000.0
44,448,128341480.0,20730300.597183824,3873000.0,140910000.0,640000.0
45,442,129416088.0,19013689.87135995,9939000.0,140910000.0,640000.0
46,447,130197436.0,18746946.50309495,7722000.0,140910000.0,640000.0
47,454,130666906.0,18259826.33611733,9984000.0,140910000.0,640000.0
48,477,130691262.0,15862714.964890342,9234000.0,140910000.0,640000.0
49,443,131633790.0,15694650.115179377,9954000.0,140910000.0,640000.0
50,454,132820046.0,13977058.606011638,13336000.0,140910000.0,640000.0
51,459,133251422.0,14032763.401551243,11565000.0,140910000.0,640000.0
52,452,133698668.0,13420817.803314967,10056000.0,140910000.0,640000.0
53,459,132655764.0,18449114.10329244,3616000.0,140910000.0,640000.0
54,457,132377800.0,18729212.27216991,7800000.0,140910000.0,640000.0
55,461,132928548.0,15966565.913548725,7800000.0,140910000.0,640000.0
56,446,132823642.0,16395831.465523059,7710000.0,140910000.0,640000.0
57,462,133365398.0,13821142.290548781,11700000.0,140910000.0,640000.0
58,452,133967418.0,11593175.033927333,11598000.0,140910000.0,640000.0
59,457,133716790.0,14234555.696680525,15492000.0,140910000.0,640000.0
60,457,134449074.0,13326034.617714453,11583000.0,140910000.0,640000.0
61,444,133581268.0,15631755.73671032,7800000.0,140910000.0,640000.0
62,460,133866900.0,14262045.690923866,3866000.0,140910000.0,640000.0
63,458,132343834.0,17826458.335924275,7710000.0,140910000.0,640000.0
64,452,134359472.0,13442169.975759717,7710000.0,140910000.0,640000.0
65,462,135369866.0,9849956.169853956,16775000.0,140910000.0,640000.0
66,457,135282922.0,10394286.86249884,15528000.0,140910000.0,640000.0
67,429,134501332.0,10695068.62669782,15600000.0,140910000.0,640000.0
68,461,133576254.0,16004039.928764362,7710000.0,140910000.0,640000.0
69,452,134089620.0,15000300.136317274,10002000.0,140910000.0,640000.0
70,463,135104696.0,11176612.579291813,15528000.0,140910000.0,640000.0
71,437,135769210.0,9561113.159350222,9984000.0,140910000.0,640000.0
72,438,135564372.0,10850985.107243305,11565000.0,140910000.0,640000.0
73,455,134939988.0,14152382.892638823,9930000.0,140910000.0,640000.0
74,464,135622720.0,11561284.093456056,9954000.0,140910000.0,640000.0
75,459,135457212.0,12851587.764905004,3882000.0,140910000.0,640000.0
76,467,134657626.0,16514701.277895523,13228000.0,140910000.0,640000.0
77,458,134457792.0,16844098.536185782,3873000.0,140910000.0,640000.0
78,454,136019434.0,11206471.065846018,7722000.0,140910000.0,640000.0
79,463,135858794.0,13290347.72726297,7722000.0,140910000.0,640000.0
80,457,135225208.0,15933051.57126958,7800000.0,140910000.0,640000.0
81,459,135912782.0,12318359.33436251,15420000.0,140910000.0,640000.0
82,461,136243930.0,12324238.309489962,13408000.0,140910000.0,640000.0
83,468,135967502.0,13592075.83108614,7800000.0,140910000.0,640000.0
84,461,136360676.0,11500555.312463133,3873000.0,140910000.0,640000.0
85,457,136731092.0,11528962.428576823,7710000.0,140910000.0,640000.0
86,456,135417632.0,16690875.142801112,9948000.0,140910000.0,640000.0
87,452,136381332.0,13852602.361786611,9948000.0,140910000.0,640000.0
88,463,135383278.0,17244737.740096718,13228000.0,140910000.0,640000.0
89,463,136244852.0,15165024.179805847,7800000.0,140910000.0,640000.0
90,466,135712688.0,15102811.120670747,15464000.0,140910000.0,640000.0
91,456,136216622.0,10131083.243321812,11700000.0,140910000.0,640000.0
92,463,135118572.0,15556000.972255562,13408000.0,140910000.0,640000.0
93,464,135818566.0,13675862.949651258,7710000.0,140910000.0,640000.0
94,458,136826548.0,10280895.6331487,15444000.0,140910000.0,640000.0
95,455,136077586.0,12629921.140157765,15528000.0,140910000.0,640000.0
96,452,135269050.0,16017969.00856972,13348000.0,140910000.0,640000.0
97,465,135655488.0,12784027.713903626,7800000.0,140910000.0,640000.0
98,446,134911990.0,14379270.623293102,3882000.0,140910000.0,640000.0
99,450,135585264.0,12751285.95814179,13420000.0,140910000.0,640000.0
100,467,135845512.0,12598118.380212817,11583000.0,140910000.0,640000.0
0,500,18975348.0,12460394.429507278,1100000.0,63924000.0,640000.0
1,462,25294172.0,14874489.658284616,1125000.0,91140000.0,640000.0
2,465,33113354.0,17005968.982233386,1440000.0,97272000.0,640000.0
3,469,39454982.0,19040485.521689724,1513000.0,103880000.0,640000.0
4,448,46756752.0,21726361.90001667,1384000.0,125587000.0,640000.0
5,463,52703406.0,21940915.304634947,1702000.0,125587000.0,640000.0
6,462,58691526.0,24197204.192908816,1811000.0,129976000.0,640000.0
7,454,65468374.0,23970027.405785836,4976000.0,138670000.0,640000.0
8,453,72113782.0,25377687.127917625,4128000.0,137053000.0,640000.0
9,454,78249222.0,25314770.672805157,3836000.0,138523000.0,640000.0
10,455,80760360.0,25622710.1460872,2787000.0,138523000.0,640000.0
11,448,84950482.0,26783991.448506624,5394000.0,138572000.0,640000.0
12,463,88115546.0,28588482.040498126,3880000.0,139895000.0,640000.0
13,451,91441426.0,28019983.053822927,6732000.0,140910000.0,640000.0
14,448,98230138.0,26109017.65580153,5338000.0,140784000.0,640000.0
15,440,99231050.0,25952122.792394076,7335000.0,140784000.0,640000.0
16,460,101688564.0,26485549.054416522,6820000.0,140910000.0,640000.0
17,464,103157678.0,25152022.263554,7275000.0,140910000.0,640000.0
18,464,107429892.0,24509950.09787527,9954000.0,157864000.0,640000.0
19,462,109175774.0,23578113.03702915,9231000.0,157864000.0,640000.0
20,463,111366222.0,23173649.961124297,8457000.0,157864000.0,640000.0
21,459,112391198.0,23552629.714636877,9213000.0,140910000.0,640000.0
22,457,114787830.0,22920107.746978417,13912000.0,157864000.0,640000.0
23,443,115691024.0,23122434.502003115,9333000.0,157864000.0,640000.0
24,462,115962612.0,21450175.109528966,14444000.0,155960000.0,640000.0
25,441,117668006.0,21180269.3301564,10098000.0,155960000.0,640000.0
26,467,118683864.0,21662605.805431258,6148000.0,155960000.0,640000.0
27,461,120151584.0,21272271.608150925,6136000.0,157864000.0,640000.0
28,467,121851012.0,20465700.688807506,9324000.0,140784000.0,640000.0
29,452,123014024.0,19678152.50940555,6732000.0,140910000.0,640000.0
30,463,122469830.0,21521289.854585856,13408000.0,157864000.0,640000.0
31,447,123311930.0,18810829.601511467,12464000.0,155512000.0,640000.0
32,459,125251122.0,16874013.74205663,77868000.0,140784000.0,640000.0
33,456,125373708.0,17824138.709029842,11598000.0,140910000.0,640000.0
34,452,125360396.0,18032617.645011608,10056000.0,157864000.0,640000.0
35,451,127182594.0,16826781.954526063,15444000.0,155680000.0,640000.0
36,452,128067780.0,16944144.832230397,2782000.0,140784000.0,640000.0
37,467,128966760.0,16044251.796403596,10276000.0,140784000.0,640000.0
38,472,129417562.0,15154015.706543135,16760000.0,140910000.0,640000.0
39,454,129756202.0,16188442.239610208,16620000.0,155680000.0,640000.0
40,440,128722608.0,18010075.277197927,10098000.0,155680000.0,640000.0
41,449,128471734.0,17927338.306040972,16590000.0,155680000.0,640000.0
42,457,129360368.0,16281407.183673529,58170000.0,140784000.0,640000.0
43,446,130049484.0,15491123.971414857,59010000.0,140784000.0,640000.0
44,468,130719784.0,14831543.00945603,10074000.0,140784000.0,640000.0
45,455,129918994.0,17393536.44679437,6732000.0,140784000.0,640000.0
46,459,130389922.0,16656845.784599075,13432000.0,140784000.0,640000.0
47,461,130818218.0,15503392.138060495,15444000.0,140784000.0,640000.0
48,446,130767862.0,15818882.925256006,41820000.0,140784000.0,640000.0
49,455,130941962.0,16758444.368035955,11116000.0,140784000.0,640000.0
50,454,131049454.0,14995175.185768388,55520000.0,140784000.0,640000.0
51,452,130775822.0,16390482.914249843,11598000.0,140784000.0,640000.0
52,462,131706548.0,14319145.081871891,19260000.0,140784000.0,640000.0
53,449,132076006.0,15557727.766803352,2813000.0,140784000.0,640000.0
54,464,133117990.0,13648801.741907602,11276000.0,140784000.0,640000.0
55,463,133141086.0,12178019.253335249,13464000.0,140784000.0,640000.0
56,460,132883582.0,13669295.042805828,10056000.0,140784000.0,640000.0
57,458,132092148.0,15007463.966776531,41820000.0,139650000.0,640000.0
58,446,133249322.0,13679471.131966908,5654000.0,140784000.0,640000.0
59,447,133862670.0,11815357.728867121,58359000.0,139650000.0,640000.0
60,472,133713714.0,12297960.618419787,56480000.0,139650000.0,640000.0
61,456,132926144.0,13840500.810276484,58296000.0,140784000.0,640000.0
62,468,133143252.0,12626803.270523224,77952000.0,140784000.0,640000.0
63,471,132606026.0,15123851.46585763,8472000.0,140784000.0,640000.0
64,460,133113926.0,13219760.332491811,31822000.0,140784000.0,640000.0
65,461,132962360.0,13119850.706406685,32032000.0,139650000.0,640000.0
66,460,133642362.0,11765542.376063928,45856000.0,140784000.0,640000.0
67,449,132634104.0,13694148.31908812,56380000.0,140784000.0,640000.0
68,459,134051032.0,12236903.641811354,5554000.0,140784000.0,640000.0
69,461,134176730.0,10795303.083522018,5636000.0,140784000.0,640000.0
70,455,134343232.0,10796561.660740701,11220000.0,140784000.0,640000.0
71,461,134093668.0,10618528.512264587,58653000.0,140784000.0,640000.0
72,457,134096066.0,10598533.05253345,56000000.0,140784000.0,640000.0
73,444,133457010.0,12047092.234306999,58485000.0,140784000.0,640000.0
74,454,134621252.0,10206652.027599256,13432000.0,139650000.0,640000.0
75,451,134383332.0,10283981.375604294,58758000.0,139650000.0,640000.0
76,447,133427596.0,12531576.820208382,58065000.0,140784000.0,640000.0
77,457,132530382.0,14163711.792608462,55660000.0,139146000.0,640000.0
78,446,132158354.0,14494948.465057887,41775000.0,140784000.0,640000.0
79,454,131611454.0,15939529.29329734,16752000.0,138866000.0,640000.0
80,459,132136084.0,14452690.80389337,33384000.0,140784000.0,640000.0
81,443,130808346.0,16449005.05289861,10017000.0,156352000.0,640000.0
82,456,131616708.0,15107401.129338428,13408000.0,140784000.0,640000.0
83,447,132110302.0,14245826.967459489,11328000.0,140784000.0,640000.0
84,458,132621694.0,13945325.8480526,5636000.0,140784000.0,640000.0
85,438,133002492.0,12841128.18618115,58296000.0,139650000.0,640000.0
86,460,134345512.0,10555326.601003684,46382000.0,140784000.0,640000.0
87,456,133298002.0,13529453.854239497,22280000.0,139650000.0,640000.0
88,451,133353226.0,12519522.033165803,59199000.0,139650000.0,640000.0
89,442,133092002.0,13021116.891188558,58128000.0,139650000.0,640000.0
90,462,132972820.0,13800219.782438248,58422000.0,139650000.0,640000.0
91,445,132808506.0,13979995.959440188,9963000.0,140784000.0,640000.0
92,455,132324272.0,14760438.572820796,41730000.0,140784000.0,640000.0
93,444,132405268.0,13257469.331519345,58590000.0,140784000.0,640000.0
94,448,132598502.0,13589332.051502606,33144000.0,140784000.0,640000.0
95,461,132447390.0,14057642.526465809,58380000.0,140784000.0,640000.0
96,459,132549472.0,14083132.437253298,9972000.0,139356000.0,640000.0
97,469,133718064.0,11683080.703132372,58359000.0,138894000.0,640000.0
98,461,132659088.0,15048987.9465782,9972000.0,140784000.0,640000.0
99,462,133351032.0,12994547.594086375,6648000.0,139020000.0,640000.0
100,456,132931748.0,13419831.812377382,58128000.0,138768000.0,640000.0
0,500,20732510.0,13233022.385301854,822000.0,73152000.0,640000.0
1,461,28453488.0,15778561.50293353,1324000.0,89810000.0,640000.0
2,450,35089490.0,18369423.67277482,1281000.0,124264000.0,640000.0
3,460,42500528.0,21023040.487836577,898000.0,124264000.0,640000.0
4,462,48328714.0,23085985.724595,1151000.0,126112000.0,640000.0
5,463,56512558.0,23554348.158984065,1615000.0,126112000.0,640000.0
6,448,61615286.0,23791026.429731946,5600000.0,138719000.0,640000.0
7,448,68541536.0,25573684.225013494,6036000.0,138719000.0,640000.0
8,461,75118740.0,26682350.24161852,2533000.0,138523000.0,640000.0
9,427,81210686.0,27541635.06328925,9453000.0,158984000.0,640000.0
10,455,86425874.0,27548413.45308517,10194000.0,158984000.0,640000.0
11,462,95326456.0,26599496.486363497,11574000.0,157472000.0,640000.0
12,462,99948670.0,24344293.387344394,7800000.0,157472000.0,640000.0
13,458,103773116.0,25689567.180911086,8721000.0,158984000.0,640000.0
14,445,108669976.0,24381095.328705475,5504000.0,158984000.0,640000.0
15,454,110126924.0,24152730.573213127,9348000.0,158984000.0,640000.0
16,445,113626212.0,22755785.514261115,10119000.0,158984000.0,640000.0
17,458,115713752.0,23108674.624705244,9348000.0,158984000.0,640000.0
18,469,117508594.0,21759702.19844849,15444000.0,158984000.0,640000.0
19,449,118642168.0,22983327.064195383,3852000.0,158984000.0,640000.0
20,452,120446070.0,18933662.927312825,10002000.0,158984000.0,640000.0
21,472,122042806.0,20323505.775538925,3623000.0,158984000.0,640000.0
22,457,123005800.0,20431499.20118443,8958000.0,158984000.0,640000.0
23,476,122210998.0,23488645.249524206,10083000.0,158984000.0,640000.0
24,463,123581850.0,21548594.29196021,3616000.0,158984000.0,640000.0
25,459,124102930.0,20948730.11141964,9996000.0,158984000.0,640000.0
26,459,125266754.0,18826893.650878366,10065000.0,158984000.0,640000.0
27,450,126189448.0,18984096.19611363,10002000.0,158984000.0,640000.0
28,459,127505558.0,20274359.671433177,9189000.0,158984000.0,640000.0
29,450,128220184.0,21361471.007918533,6678000.0,158984000.0,640000.0
30,446,127681508.0,20445774.84161302,10002000.0,158984000.0,640000.0
31,462,130261348.0,19292230.348793164,9267000.0,158984000.0,640000.0
32,459,129535310.0,21147612.575747173,5600000.0,158984000.0,640000.0
33,456,130286716.0,19021839.73245869,15408000.0,158984000.0,640000.0
34,442,130081900.0,17739945.398168508,9984000.0,158984000.0,640000.0
35,442,130514374.0,18420188.644368548,9984000.0,158984000.0,640000.0
36,451,132591734.0,17221884.364007443,6654000.0,158984000.0,640000.0
37,457,132668824.0,18122689.836473614,9957000.0,158984000.0,640000.0
38,448,132411138.0,18145127.39021019,3866000.0,158984000.0,640000.0
39,469,132780004.0,15602296.74297935,60936000.0,158984000.0,640000.0
40,444,133488828.0,18281968.032638498,6642000.0,158984000.0,640000.0
41,449,133247384.0,18765087.050278876,6668000.0,158984000.0,640000.0
42,451,134068030.0,16041871.71264937,17600000.0,158984000.0,640000.0
43,460,132690458.0,16868512.703858513,15492000.0,158984000.0,640000.0
44,452,134326006.0,17710409.977579962,6632000.0,158984000.0,640000.0
45,443,135985076.0,16435196.8012015,19260000.0,158984000.0,640000.0
46,451,135608008.0,16541423.17927741,13360000.0,158984000.0,640000.0
47,457,135988244.0,17799629.229747005,10065000.0,158984000.0,640000.0
48,447,136878534.0,16990354.122408517,10065000.0,158984000.0,640000.0
49,438,137165548.0,18904983.2040046,6636000.0,158984000.0,640000.0
50,436,137846438.0,19482041.712668516,7716000.0,158984000.0,640000.0
51,470,136444830.0,23556985.94169254,5656000.0,158984000.0,640000.0
52,452,136813452.0,21192219.209976476,13328000.0,158984000.0,640000.0
53,454,138619548.0,18914104.941225637,15464000.0,158984000.0,640000.0
54,454,140664004.0,18212380.98942541,15464000.0,158984000.0,640000.0
55,460,139394588.0,20142888.80479302,6656000.0,158984000.0,640000.0
56,461,139094610.0,20791381.826465987,3852000.0,158984000.0,640000.0
57,462,140242174.0,19165890.71261036,19275000.0,158984000.0,640000.0
58,450,140768978.0,19280230.064019363,2797000.0,158984000.0,640000.0
59,458,141200090.0,19051125.64553339,13308000.0,158984000.0,640000.0
60,460,141871106.0,19496568.13182166,15464000.0,158984000.0,640000.0
61,443,142474390.0,20695850.96858547,16605000.0,158984000.0,640000.0
62,456,143501794.0,20949393.87561282,5610000.0,158984000.0,640000.0
63,462,144825544.0,19996075.750708286,16535000.0,158984000.0,640000.0
64,459,145944984.0,18004706.02080867,2839000.0,158984000.0,640000.0
65,442,144583320.0,19802432.674739737,6678000.0,158984000.0,640000.0
66,461,144626614.0,22087515.016067427,15464000.0,158984000.0,640000.0
67,466,146851416.0,18597208.362841558,5678000.0,158984000.0,640000.0
68,458,148530546.0,15628077.691126443,58905000.0,158984000.0,640000.0
69,464,148532866.0,16629578.099640531,58905000.0,158984000.0,640000.0
70,457,148793486.0,16953113.50689908,26528000.0,158984000.0,640000.0
71,455,148911566.0,17744596.73741965,15464000.0,158984000.0,640000.0
72,445,149460822.0,17934334.54919128,22376000.0,158984000.0,640000.0
73,467,150265386.0,17562507.407685388,58674000.0,158984000.0,640000.0
74,449,151148448.0,17092147.95440573,15492000.0,158984000.0,640000.0
75,455,152880944.0,15500593.6055644,15492000.0,158984000.0,640000.0
76,460,153534478.0,14247021.28479901,58737000.0,158984000.0,640000.0
77,439,153263648.0,14127149.765897436,58737000.0,158984000.0,640000.0
78,466,153003820.0,14975664.856947087,59619000.0,158984000.0,640000.0
79,449,152856772.0,17969454.947883535,5610000.0,158984000.0,640000.0
80,452,153463646.0,15010824.578839231,58611000.0,158984000.0,640000.0
81,465,151847198.0,18350675.273972783,13356000.0,158984000.0,640000.0
82,459,152224670.0,17126687.752192486,33600000.0,158984000.0,640000.0
83,445,152064464.0,18407163.250775605,5678000.0,158984000.0,640000.0
84,461,153098300.0,14142105.699435286,59052000.0,158984000.0,640000.0
85,447,153326168.0,14014252.270876816,8415000.0,158984000.0,640000.0
86,450,153090380.0,15890423.103227932,5594000.0,158984000.0,640000.0
87,453,152971720.0,16310585.323206522,13492000.0,158984000.0,640000.0
88,451,153493582.0,15279399.465662124,22376000.0,158984000.0,640000.0
89,434,152139064.0,18260372.102120593,5678000.0,158984000.0,640000.0
90,458,151782136.0,19166292.770734355,9996000.0,158984000.0,640000.0
91,446,153288752.0,14335697.227916611,58737000.0,158984000.0,640000.0
92,453,152992872.0,15132705.930520687,32368000.0,158984000.0,640000.0
93,459,152739490.0,16767424.306252288,5610000.0,158984000.0,640000.0
94,459,152417658.0,16062101.388580387,58800000.0,158984000.0,640000.0
95,441,152172664.0,17175873.394011263,10017000.0,158984000.0,640000.0
96,457,152221398.0,17382319.271247897,34068000.0,158984000.0,640000.0
97,461,153508578.0,13151982.642929392,58737000.0,158984000.0,640000.0
98,455,153312210.0,15279218.695401281,8415000.0,158984000.0,640000.0
99,446,152740592.0,17555803.12129115,5610000.0,158984000.0,640000.0
100,449,154046214.0,12870083.801599896,58611000.0,158984000.0,640000.0
0,500,20082716.0,12654019.934208417,775000.0,83454000.0,640000.0
1,452,28031272.0,15576403.845497074,1612000.0,82936000.0,640000.0
2,450,34655246.0,18342978.81145492,1588000.0,100422000.0,640000.0
3,438,41677368.0,19771452.76201463,1830000.0,113505000.0,640000.0
4,460,48983158.0,21067729.952442337,1736000.0,118692000.0,640000.0
5,464,56233714.0,23761084.302535605,1393000.0,121835000.0,640000.0
6,458,61339902.0,24109180.688949097,4062000.0,124411000.0,640000.0
7,463,66629814.0,24518272.382763922,6148000.0,136171000.0,640000.0
8,464,73155314.0,25637448.73912777,3087000.0,139272000.0,640000.0
9,453,78834752.0,26482473.571373504,7680000.0,139272000.0,640000.0
10,457,83846134.0,25097481.32542475,3373000.0,140910000.0,640000.0
11,440,89200810.0,25901937.053932857,2035000.0,139307000.0,640000.0
12,438,93959722.0,25705691.710528158,2865000.0,140910000.0,640000.0
13,435,98758648.0,25159903.072152246,12252000.0,140910000.0,640000.0
14,442,103535604.0,26393803.579309747,5712000.0,155960000.0,640000.0
15,460,108077046.0,25679327.857634515,9288000.0,157976000.0,640000.0
16,456,111402388.0,24328867.818487898,11583000.0,157976000.0,640000.0
17,448,112979566.0,24275429.513432797,5648000.0,155680000.0,640000.0
18,451,116018934.0,22178531.19901415,15528000.0,140910000.0,640000.0
19,462,117129372.0,20938980.213219937,5686000.0,155680000.0,640000.0
20,455,118486276.0,20899432.4944919,9198000.0,157864000.0,640000.0
21,463,120054386.0,23123436.85469364,9198000.0,157864000.0,640000.0
22,455,123304968.0,20091212.657153774,6142000.0,140910000.0,640000.0
23,449,123816424.0,18787759.54349597,15600000.0,157864000.0,640000.0
24,470,125071574.0,20676501.533395927,13324000.0,140910000.0,640000.0
25,456,126130036.0,18383214.35469608,15444000.0,140910000.0,640000.0
26,463,127692562.0,17681913.0939544,6732000.0,140910000.0,640000.0
27,464,127594768.0,18084610.050044652,5736000.0,140910000.0,640000.0
28,456,129056650.0,17867071.48078554,9234000.0,140910000.0,640000.0
29,462,130969062.0,14907340.009477077,6632000.0,140910000.0,640000.0
30,456,131767446.0,12699562.10391067,15444000.0,140910000.0,640000.0
31,459,130821344.0,16169401.889422627,6692000.0,140910000.0,640000.0
32,450,131969206.0,12013502.55419143,11619000.0,140910000.0,640000.0
33,443,130168114.0,19548034.88080078,7800000.0,140910000.0,640000.0
34,469,131124138.0,17880731.710837673,7710000.0,140910000.0,640000.0
35,447,132733020.0,13494306.270557223,6638000.0,140910000.0,640000.0
36,464,131894018.0,16970463.379226744,3866000.0,140910000.0,640000.0
37,454,132034948.0,16141216.979933577,7722000.0,140910000.0,640000.0
38,465,133690558.0,10284321.948608765,7704000.0,140910000.0,640000.0
39,447,133346720.0,13023904.539177181,7722000.0,140910000.0,640000.0
40,455,133451294.0,14522283.622749006,3852000.0,140910000.0,640000.0
41,449,133124452.0,14523929.662584297,11700000.0,140910000.0,640000.0
42,451,134194984.0,10125778.474751657,9930000.0,140910000.0,640000.0
43,469,133658832.0,13134455.91594018,10065000.0,140910000.0,640000.0
44,469,134782394.0,7672904.869132942,92680000.0,140910000.0,640000.0
45,455,134476554.0,11830695.876028763,7722000.0,140910000.0,640000.0
46,452,133855466.0,14197821.222738508,9984000.0,140910000.0,640000.0
47,451,133593476.0,14536917.704569425,13420000.0,140910000.0,640000.0
48,449,133281428.0,16819335.668831155,3852000.0,140910000.0,640000.0
49,461,134430178.0,12569469.695508877,15444000.0,140910000.0,640000.0
50,455,133467454.0,14330072.596462447,7722000.0,140910000.0,640000.0
51,448,133951654.0,13584988.881198395,11565000.0,140910000.0,640000.0
52,459,133905024.0,14453742.073228788,9963000.0,140910000.0,640000.0
53,459,134420200.0,12460068.355671247,15464000.0,140910000.0,640000.0
54,450,133971644.0,14922124.546634236,6632000.0,140910000.0,640000.0
55,450,134806798.0,11233545.064724492,3873000.0,140910000.0,640000.0
56,453,135276626.0,10693785.272302974,3873000.0,140910000.0,640000.0
57,445,134837612.0,11878919.319595365,7722000.0,140910000.0,640000.0
58,439,135881668.0,8599948.30273857,15408000.0,140910000.0,640000.0
59,462,136058028.0,7720392.256823224,15444000.0,140910000.0,640000.0
60,445,135156168.0,12996520.393388994,3852000.0,140910000.0,640000.0
61,461,134098236.0,17055849.88572261,6632000.0,140910000.0,640000.0
62,451,134661440.0,14540682.432073124,9921000.0,140910000.0,640000.0
63,467,134622718.0,14899760.74500782,13252000.0,140910000.0,640000.0
64,460,135029406.0,14162097.382561808,7704000.0,140910000.0,640000.0
65,448,135323294.0,13017543.538454711,6632000.0,140910000.0,640000.0
66,449,135950130.0,9824535.078317955,11598000.0,140910000.0,640000.0
67,452,135046670.0,14085077.623680318,6668000.0,140910000.0,640000.0
68,459,135933774.0,7694780.200559597,15528000.0,140910000.0,640000.0
69,470,135225786.0,12767964.38576659,9939000.0,140910000.0,640000.0
70,467,136128198.0,8842774.83411152,15492000.0,140910000.0,640000.0
71,456,136156646.0,8471639.61395219,15444000.0,140910000.0,640000.0
72,442,136027512.0,10627830.13196278,7722000.0,140910000.0,640000.0
73,458,136176532.0,8959479.225991653,15432000.0,140910000.0,640000.0
74,463,136379240.0,7224567.831669933,15444000.0,140910000.0,640000.0
75,460,135115152.0,15167778.505532576,7722000.0,140910000.0,640000.0
76,447,135665566.0,13227770.585311947,11556000.0,140910000.0,640000.0
77,448,135345478.0,14731562.22922457,9930000.0,140910000.0,640000.0
78,438,135287806.0,15126999.389448127,9948000.0,140910000.0,640000.0
79,448,136398386.0,9833963.270472592,13264000.0,140910000.0,640000.0
80,458,135517042.0,14444010.015512867,13228000.0,140910000.0,640000.0
81,443,135312112.0,15014203.103976447,3352000.0,140910000.0,640000.0
82,448,135332616.0,15568130.329507908,11619000.0,140910000.0,640000.0
83,453,136161950.0,11768478.138123892,9948000.0,140910000.0,640000.0
84,455,134935068.0,17300953.287821338,3852000.0,140910000.0,640000.0
85,452,137098234.0,6509040.785495509,16640000.0,140910000.0,640000.0
86,454,135410242.0,15166462.686316675,9948000.0,140910000.0,640000.0
87,461,136042900.0,12673887.146491403,15444000.0,140910000.0,640000.0
88,447,136043158.0,12714323.835306225,13264000.0,140910000.0,640000.0
89,457,136073022.0,11619203.595837194,9948000.0,140910000.0,640000.0
90,463,135954620.0,11993576.725380965,7800000.0,140910000.0,640000.0
91,429,135816586.0,13840482.087362563,7722000.0,140910000.0,640000.0
92,465,136207362.0,11000191.479558708,16535000.0,140910000.0,640000.0
93,467,135232790.0,16090087.531704107,6632000.0,140910000.0,640000.0
94,461,135798306.0,13560124.304753404,3873000.0,140910000.0,640000.0
95,439,137216816.0,6872304.677627732,15492000.0,140910000.0,640000.0
96,465,136320484.0,12466069.968909368,15444000.0,140910000.0,640000.0
97,452,136755022.0,11339339.326853042,11583000.0,140910000.0,640000.0
98,459,136765828.0,10584475.59676038,7710000.0,140910000.0,640000.0
99,445,135977894.0,13837604.619397245,3882000.0,140910000.0,640000.0
100,463,136861200.0,10343828.667567924,6632000.0,140910000.0,640000.0
